{
  "theta1": -2.195930100221759,
  "theta2": 3.125761033076966,
  "theta3": 0.2117982121578982,
  "signx": -1,
  "ax_avg": -0.049304,
  "ay_avg": 0.062891999999999999,
  "az_avg": -1.004152
}